tabla,usuario_id,profesion,edad,genero,pericia_informatica
Usuario,1,estudiante,22,Hombre,Alta
Usuario,2,orientadora,53,Mujer,Media

tabla,dispositivo_id,tipo
Dispositivo,1,tableta
Dispositivo,2,ordenador

tabla,resultado_usabilidad_id,usuario_id,dispositivo_id,formulario_id,tiempo_tardado,tarea_completada,comentarios,propuestas_mejora,valoracion
ResultadosUsabilidad,1,1,1,1,01:37.8,1,"navegación sencilla","se podría aclarar más información en la sección de recorrido",9
ResultadosUsabilidad,2,2,2,2,03:55.3,1,"La página de consulta es de gran ayuda para pasar el test con éxito. ","Añadir información en la introducción de la sección del piloto.",9

tabla,observacion_id,resultado_usabilidad_id,comentarios
ObservacionesFacilitador,1,1,"Se hace intituitivamente."
ObservacionesFacilitador,2,2,"Se hace con facilidad, teniendo en cuenta la pericia informática del usuario."

tabla,formulario_id,respuesta_uno,respuesta_dos,respuesta_tres,respuesta_cuatro,respuesta_cinco,respuesta_seis,respuesta_siete,respuesta_ocho,respuesta_nueve,respuesta_diez
Formulario,1,"Prima Pramac Racing","RZT Racing",AUS,87,14,0,0,0,64,43
Formulario,2,"MOTO GP Prima Pramac Racing con una Yamaha YZR-M1","RZT Racing",AUS,87,14,0,0,0,64,43

